
/*Data for the VEHICLE table */
insert into vehicle values('QJD123',2003,1686617,655239,'p','ford','telstar');
insert into vehicle values('JS2938',1975,3857364,36333,'p','ford','telstar');
insert into vehicle values('JJ3847',1985,3847523,82736,'t','VW','golf');
insert into vehicle values('OZ8347',1991,2948573,84723,'p','mazda',323);
insert into vehicle values('PP3958',1995,9385734,82222,'p','mazda',121);
insert into vehicle values('PA9485',1994,1928434,29384,'p','daihatsu','charade');
insert into vehicle values('TX9283',1993,9287323,44735,'p','ford','telstar');

/*Data for the OWNS table */
insert into owns values('QJD123','BA789256','15-mar-2003',20,'15-jul-2011');
insert into owns values('JS2938','HD293847','02-mar-75',100,'15-apr-2003');
insert into owns values('JJ3847','HD543235','17-may-85',1573,'17-may-97');
insert into owns values('OZ8347','FF849583','15-sep-91',294,null);
insert into owns values('PP3958','HA385767','08-aug-95',903,'19-sep-2009');
insert into owns values('PA9485','UJ203954','31-mar-96',45,'13-mar-99');
insert into owns values('TX9283','HD543235','14-nov-95',28721,'15-feb-2003');
insert into owns values('TX9283','HD293847','15-feb-2003',92870,null);
insert into owns values('PA9485','GG847264','13-mar-99',11920,'27-nov-2006');
insert into owns values('JJ3847','HA928375','17-may-97',45736,'27-aug-2008');
insert into owns values('JS2938','IA192837','15-apr-2003',55612,null);
insert into owns values('JJ3847','BA789256','27-aug-2008',155736,null);
insert into owns values('PP3958','FF849583','19-sep-2009',195503,null);
insert into owns values('QJD123','HD543235','15-jul-2011',65499,null);
insert into owns values('PA9485','IA192837','27-nov-2006',12920,null);

/*Data for the COLOR table */
insert into color values('QJD123','black');
insert into color values('JS2938','red');
insert into color values('JJ3847','blue');
insert into color values('OZ8347','green');
insert into color values('PP3958','white');
insert into color values('PP3958','blue');
insert into color values('PA9485','yellow');
insert into color values('TX9283','red');

/*Data for the REGISTRATION table */
insert into registration values('JJ3847','21321322',1352,'17-may-85','Japan',15736,84.25);
insert into registration values('PA9485','38473342',1352,'31-mar-94','NZ',1920,184.90);
insert into registration values('QJD123','21321322',1352,'15-mar-2003','NZ',20,175.95);
insert into registration values('TX9283','38473342',1352,'17-nov-95','NZ',28943,150.55);
insert into registration values('PP3958','21321322',1352,'08-aug-95','NZ',903,303.15);
insert into registration values('JS2938','91382743',1303,'15-apr-83','Japan',55612,101.15);
insert into registration values('OZ8347','91837243',1303,'25-sep-91','Japan',2948,211.35);
insert into registration values('JJ3847','91382743',1303,'29-nov-94',null,25253,224.70);
insert into registration values('JJ3847','91382743',1303,'29-nov-93',null,17253,284.70);
insert into registration values('QJD123','21321322',1352,'13-mar-2004',null,3150,185.95);
insert into registration values('JJ3847','91382743',1303,'30-nov-96',null,75253,284.70);
insert into registration values('JJ3847','91382743',1303,'29-nov-95',null,56253,184.70);
insert into registration values('QJD123','21321322',1352,'03-mar-2005',null,6150,195.95);
insert into registration values('PA9485','38473342',1352,'31-mar-95',null,31920,154.90);
insert into registration values('QJD123','21321322',1352,'11-mar-2006','NZ',16150,195.95);
insert into registration values('PA9485','21321322',1352,'31-mar-96',null,43920,124.35);
insert into registration values('QJD123','21321322',1352,'09-mar-2007',null,26150,195.95);
insert into registration values('PA9485','38473342',1352,'13-apr-97',null,51920,231.30);
insert into registration values('QJD123','21321322',1352,'09-mar-2008',null,26150,195.95);
insert into registration values('TX9283','21321322',1352,'15-feb-97',null,2870,250.00);
insert into registration values('QJD123','21321322',1352,'09-mar-2009',null,29150,195.95);
insert into registration values('JS2938','91837243',1303,'02-mar-95',null,150101,121.05);
insert into registration values('QJD123','21321322',1352,'10-mar-2010',null,49150,185.95);
insert into registration values('JS2938','91837243',1303,'02-mar-96',null,169113,114.05);
insert into registration values('JS2938','91837243',1303,'15-feb-97',null,180101,121.05);
insert into registration values('OZ8347','38473342',1352,'15-feb-97',null,2948,203.35);
insert into registration values('QJD123','21321322',1352,'15-jul-2011',null,65499,165.95);
